<?xml version="1.0" encoding="UTF-8"?>
<!DOCTYPE device SYSTEM "hpzscwn7.dtd">
<device>
   <software>
      <file_header>
         <file_name>hpo4350t.xml</file_name>
         <file_version>053.2504</file_version>
         <file_timestamp>02/06/2006</file_timestamp>
      </file_header>
      <component>
         <name>Mombi</name>
         <helper>
            <name></name>
            <events><!--    =========================================    --><!--                DMCInstallTime                   --><!--     called during DMC Install Time (Import)     --><!--    =========================================    -->
          <event>
            <name>DMCInstallTime</name>
            <macro_name>macro_PrintQualityImport</macro_name>
          </event><!--    =========================================    --><!--                DMCUpgradeTime                   --><!--     called during DMC Upgrade Time (Export)     --><!--    =========================================    -->
          <event>
            <name>DMCUpgradeTime</name>
            <macro_name>macro_PrintQualityExport</macro_name>
          </event>
        </events>
        
            <!-- put a name if we have multiple helpers-->
            <features>
            <!-- ========================================= -->
            <!--     Emulate LaserJet Margins              -->
            <!-- ========================================= -->
                <feature>
                <name>HP_Emulate_Margins</name>
                <switch>
                <name>Paper_Dimensions</name>
                <case_default>
                      <data>200_200_200_200</data>
               </case_default>
               </switch>
               </feature>
            <!--  Features are Paper size, Media Type and Print Quality -->
             <!-- =========================================== -->
             <!--                  Paper Size                 -->
             <!-- =========================================== -->
             <feature>
                 <name>PaperSize</name>
                 <macro_name>macro_PaperSize</macro_name>
             </feature>
               <!-- ========================================= -->
               <!--                 MediaType                 -->
               <!-- ========================================= -->
               <feature>
                  <name>MediaType</name>
                  <macro_name>macro_MediaType</macro_name>
               </feature>
               <!-- ========================================= -->
               <!--           Print Quality Group             -->
               <!--   Options are as follows                  -->
               <!--   (a) PQGroup_1 - Best                    -->
               <!--   (b) PQGroup_2 - Normal                  -->
               <!--   (c) PQGroup_3 - FastDraft                    -->
               <!--   (d) PQGroup_4 - Fast Normal             -->
               <!--   (e) PQGroup_5 - 4800x1200             -->
               <!-- ========================================= -->
               <feature>
                  <name>PrintQualityGroup</name>
                  <macro_name>macro_PrintQualityGroup</macro_name>
               </feature>
              <feature>
                <name>CustomSize</name>
                <macro_name>macro_custom_size</macro_name>            
              </feature> 
               <!--                                             -->
               <!--            ICM Profile FileName macro       -->
               <!-- ========================================= -->
              <feature>
                 <name>ICCProfileFileName</name>
                 <macro_name>macro_ICCProfileFileName</macro_name>
             </feature>
             <feature>
                 <name>InstalledPenSet_Premium</name>
                 <macro_name>macro_InstalledPenSet_Premium</macro_name>
             </feature>
             <feature>
                 <name>InstalledPenSet_PremiumPlusPhoto</name>
                 <macro_name>macro_InstalledPenSet_PremiumPlusPhoto</macro_name>
             </feature>       
            </features>
            <macros>
            <macro>
            <name>macro_pop_up_Photo_BlackOnly</name>
              <title>4326</title>                   
              <string_id>4327</string_id>    
              <butt1>4330</butt1>
              <butt2>4342</butt2>                                                  
              <showpopup>MODAL_DLG</showpopup>                     
            </macro>
            <macro>
            <name>macro_pop_up_LargeMedia_PhotoTray</name>
              <title>4321</title>                   
              <string_id>4323</string_id>    
              <butt1>4330</butt1>
              <butt2>4342</butt2>                                                  
              <showpopup>MODAL_DLG</showpopup>                     
            </macro>
            <macro>
            <name>macro_pop_up_Duplex_PhotoTray</name>
              <title>4321</title>                   
              <string_id>4322</string_id>    
              <butt1>4330</butt1>                                                             
              <showpopup>MODAL_DLG</showpopup>                     
            </macro>
            <macro>
            <name>macro_pop_up_Black_PhotoCartridge</name>
              <title>4324</title>                   
              <string_id>4325</string_id>    
              <butt1>4330</butt1>
              <butt2>4342</butt2>                                                  
              <showpopup>MODAL_DLG</showpopup>                     
            </macro>
<!-- ====================    NonHP INK    ========================= -->
            <macro>
            <name>macro_pop_up_Color_NonHP_Ink</name>
              <title>4732</title>                   
              <string_id>4740</string_id>    
              <butt1>849</butt1>
              <showpopup>MODAL_DLG</showpopup>                     
            </macro>
            <macro>
            <name>macro_pop_up_Black_NonHP_Ink</name>
              <title>4733</title>                   
              <string_id>4740</string_id>    
              <butt1>849</butt1>
              <showpopup>MODAL_DLG</showpopup>                     
            </macro>
            <macro>
            <name>macro_pop_up_Photo_NonHP_Ink</name>
              <title>4734</title>                   
              <string_id>4740</string_id>    
              <butt1>849</butt1>
              <showpopup>MODAL_DLG</showpopup>                     
            </macro>
            <macro>
            <name>macro_pop_up_Gray_NonHP_Ink</name>
              <title>4735</title>                   
              <string_id>4740</string_id>    
              <butt1>849</butt1>
              <showpopup>MODAL_DLG</showpopup>                     
            </macro>
<!--===========    NonHP Cartridge    ====================== -->
            <macro>       
            <name>macro_pop_up_Color_NonHP_Cartridge</name>
              <title>4736</title>                   
              <string_id>4740</string_id>    
              <butt1>849</butt1>
              <showpopup>MODAL_DLG</showpopup>                     
            </macro>
            <macro>
            <name>macro_pop_up_Black_NonHP_Cartridge</name>
              <title>4737</title>                   
              <string_id>4740</string_id>    
              <butt1>849</butt1>
              <showpopup>MODAL_DLG</showpopup>                     
            </macro>
            <macro>
            <name>macro_pop_up_Photo_NonHP_Cartridge</name>
              <title>4738</title>                   
              <string_id>4740</string_id>    
              <butt1>849</butt1>
              <showpopup>MODAL_DLG</showpopup>                     
            </macro>
            <macro>
            <name>macro_pop_up_Gray_NonHP_Cartridge</name>
              <title>4739</title>                   
              <string_id>4740</string_id>    
              <butt1>849</butt1>
              <showpopup>MODAL_DLG</showpopup>                     
            </macro>
<!--===============    Used Cartridge  ========================= -->      
            <macro>
            <name>macro_pop_up_Color_Used_Cartridge</name>
              <title>4741</title>                   
              <string_id>4745</string_id>    
              <butt1>849</butt1>
              <showpopup>MODAL_DLG</showpopup>                     
            </macro>
            <macro>
            <name>macro_pop_up_Black_Used_Cartridge</name>
              <title>4742</title>                   
              <string_id>4745</string_id>    
              <butt1>849</butt1>
              <showpopup>MODAL_DLG</showpopup>                     
            </macro>
            <macro>
            <name>macro_pop_up_Photo_Used_Cartridge</name>
              <title>4743</title>                   
              <string_id>4745</string_id>    
              <butt1>849</butt1>
              <showpopup>MODAL_DLG</showpopup>                     
            </macro>
            <macro>
            <name>macro_pop_up_Gray_Used_Cartridge</name>
              <title>4744</title>                   
              <string_id>4745</string_id>    
              <butt1>849</butt1>
              <showpopup>MODAL_DLG</showpopup>                     
            </macro>
<!--=================   End OF Smart JobUI   ============================= -->
            <macro>
            <name>macro_pop_up_Borderless_BlkCartridge</name>
              <title>4328</title>                   
              <string_id>4329</string_id>    
              <butt1>849</butt1>                                                                
              <showpopup>MODAL_DLG</showpopup>                     
            </macro>
            <macro>
            <name>macro_PaperSize</name>
            <switch>
              <name>PaperSize</name>
             <case>
                  <name>HP_BORDERLESS_PHOTO_10_X_15_CM_WT</name>
                  <select_option>MediaType.HP_PREMIUM_PLUS_PHOTO_PAPER</select_option>
               </case>      
               <case>
                  <name>HP_BORDERLESS_PHOTO_4_X_6_IN_WT</name>
                  <select_option>MediaType.HP_PREMIUM_PLUS_PHOTO_PAPER</select_option>
               </case>

               <case>
                  <name>10_X_15</name>
                  <select_option>MediaType.HP_PREMIUM_PLUS_PHOTO_PAPER</select_option>
               </case>
               <case>
                  <name>10_X_15_CM_WT</name>
                  <select_option>MediaType.HP_PREMIUM_PLUS_PHOTO_PAPER</select_option>
               </case>
               <case>
                  <name>4_X_6_IN</name>
                  <select_option>MediaType.HP_PREMIUM_PLUS_PHOTO_PAPER</select_option>
               </case>
               <case>
                  <name>4_X_6_IN_WT</name>
                  <select_option>MediaType.HP_PREMIUM_PLUS_PHOTO_PAPER</select_option>
               </case>
               <case>
                  <name>5_X_7_IN</name>
                  <select_option>MediaType.HP_PREMIUM_PLUS_PHOTO_PAPER</select_option>
               </case>
               <case>
                  <name>8_X_10_IN</name>
                  <select_option>MediaType.HP_PREMIUM_PLUS_PHOTO_PAPER</select_option>
               </case>
               <case>
                  <name>13_X_18_CM</name>
                  <select_option>MediaType.HP_PREMIUM_PLUS_PHOTO_PAPER</select_option>
               </case>
               <case>
                  <name>HAGAKI_CARD</name>
                  <select_option>MediaType.OTHER_INKJET_PAPERS</select_option>
               </case>
               <case>
                  <name>HP_BORDERLESS_HAGAKI_CARD</name>
                  <select_option>MediaType.HP_PREMIUM_PLUS_PHOTO_PAPER</select_option>
               </case>
               <case_default>
                 <select_option>MediaType.PLAIN</select_option>
               </case_default>
            </switch>
              <call>macro_MediaType</call>
          </macro>
          <macro>
            <name>macro_Mediatype_to_PaperSize</name>
                 <select_option>PaperSize.LETTER</select_option>
          </macro>
          <macro>
            <name>macro_custom_paper_size</name>
            <select_option>MediaType.PLAIN</select_option>
          </macro>
               <!-- ========================================= -->
               <!--                 MediaType                 -->
               <!-- ========================================= -->
           <macro>
              <name>macro_MediaType</name>
              <!-- ========================================= -->
              <!-- First macro statement                     -->
              <!-- determines which PQ options are           -->
              <!-- displayed for each media type, and        -->
              <!-- select a default PQ option                -->
              <!-- ========================================= -->
          <switch>
            <name>MediaType</name>
              
              <case>
                <name>PLAIN</name>
                <enable_option>PrintQualityGroup.PQGroup_1</enable_option>
                <enable_option>PrintQualityGroup.PQGroup_2</enable_option>
                <enable_option>PrintQualityGroup.PQGroup_3</enable_option>
                <enable_option>PrintQualityGroup.PQGroup_4</enable_option>
                <enable_option>PrintQualityGroup.PQGroup_5</enable_option>
                <select_option>PrintQualityGroup.PQGroup_2</select_option>
              </case>
              
              <case>
                <name>HP_BRIGHT_WHITE_INKJET_PAPER</name>
                <enable_option>PrintQualityGroup.PQGroup_1</enable_option>
                <enable_option>PrintQualityGroup.PQGroup_2</enable_option>
                <enable_option>PrintQualityGroup.PQGroup_3</enable_option>
                <enable_option>PrintQualityGroup.PQGroup_4</enable_option>
                <enable_option>PrintQualityGroup.PQGroup_5</enable_option>
                <select_option>PrintQualityGroup.PQGroup_2</select_option>
              </case>
              <case>
                <name>HP_PREM_INKJET_PAPER</name>
                <enable_option>PrintQualityGroup.PQGroup_1</enable_option>
                <enable_option>PrintQualityGroup.PQGroup_2</enable_option>
                <enable_option>PrintQualityGroup.PQGroup_3</enable_option>
                <enable_option>PrintQualityGroup.PQGroup_4</enable_option>
                <enable_option>PrintQualityGroup.PQGroup_5</enable_option>
                <select_option>PrintQualityGroup.PQGroup_2</select_option>
              </case>             
              
              <case>
                <name>HP_PREMIUM_PLUS_PHOTO_PAPER</name>
                <enable_option>PrintQualityGroup.PQGroup_1</enable_option>
                <enable_option>PrintQualityGroup.PQGroup_2</enable_option>
                <enable_option>PrintQualityGroup.PQGroup_3</enable_option>
                <enable_option>PrintQualityGroup.PQGroup_4</enable_option>
                <enable_option>PrintQualityGroup.PQGroup_5</enable_option>
                <select_option>PrintQualityGroup.PQGroup_1</select_option>
              </case>
              <case>
                <name>OTHER_INKJET_PAPERS</name>
                <enable_option>PrintQualityGroup.PQGroup_1</enable_option>
                <enable_option>PrintQualityGroup.PQGroup_2</enable_option>
                <enable_option>PrintQualityGroup.PQGroup_3</enable_option>
                <enable_option>PrintQualityGroup.PQGroup_4</enable_option>
                <enable_option>PrintQualityGroup.PQGroup_5</enable_option>
                <select_option>PrintQualityGroup.PQGroup_2</select_option>
              </case>
              
              <case>
                <name>HP_PREMIUM_PHOTO_PAPER</name>
                <enable_option>PrintQualityGroup.PQGroup_1</enable_option>
                <enable_option>PrintQualityGroup.PQGroup_2</enable_option>
                <enable_option>PrintQualityGroup.PQGroup_3</enable_option>
                <enable_option>PrintQualityGroup.PQGroup_4</enable_option>
                <enable_option>PrintQualityGroup.PQGroup_5</enable_option>
                <select_option>PrintQualityGroup.PQGroup_1</select_option>
            </case>
              
              <case>
                <name>HP_EVERYDAY_PHOTO_PAPER_SEMI_GLOSS</name>
                <enable_option>PrintQualityGroup.PQGroup_1</enable_option>
                <enable_option>PrintQualityGroup.PQGroup_2</enable_option>
                <enable_option>PrintQualityGroup.PQGroup_3</enable_option>
                <enable_option>PrintQualityGroup.PQGroup_4</enable_option>
                <enable_option>PrintQualityGroup.PQGroup_5</enable_option>
                <select_option>PrintQualityGroup.PQGroup_2</select_option>
              </case>    
              <case>
                <name>HP_EVERYDAY_PHOTO_PAPER_MATTE</name>
                <enable_option>PrintQualityGroup.PQGroup_1</enable_option>
                <enable_option>PrintQualityGroup.PQGroup_2</enable_option>
                <enable_option>PrintQualityGroup.PQGroup_3</enable_option>
                <enable_option>PrintQualityGroup.PQGroup_4</enable_option>
                <enable_option>PrintQualityGroup.PQGroup_5</enable_option>
                <select_option>PrintQualityGroup.PQGroup_2</select_option>
              </case>
              <case>
                <name>OTHER_PHOTO_PAPER</name>
                <enable_option>PrintQualityGroup.PQGroup_1</enable_option>
                <enable_option>PrintQualityGroup.PQGroup_2</enable_option>
                <enable_option>PrintQualityGroup.PQGroup_3</enable_option>
                <enable_option>PrintQualityGroup.PQGroup_4</enable_option>
                <enable_option>PrintQualityGroup.PQGroup_5</enable_option>
                <select_option>PrintQualityGroup.PQGroup_1</select_option>
              </case>
              
              <case>
                <name>OTHER_TRANSPARENCY_FILMS</name>
                <enable_option>PrintQualityGroup.PQGroup_1</enable_option>
                <enable_option>PrintQualityGroup.PQGroup_2</enable_option>
                <enable_option>PrintQualityGroup.PQGroup_3</enable_option>
                <enable_option>PrintQualityGroup.PQGroup_4</enable_option>
                <enable_option>PrintQualityGroup.PQGroup_5</enable_option>
                <select_option>PrintQualityGroup.PQGroup_2</select_option>
              </case>             
            
              <case>
                <name>OTHER_SPECIALTY_PAPERS</name>
                <enable_option>PrintQualityGroup.PQGroup_1</enable_option>
                <enable_option>PrintQualityGroup.PQGroup_2</enable_option>
                <enable_option>PrintQualityGroup.PQGroup_3</enable_option>
                <enable_option>PrintQualityGroup.PQGroup_4</enable_option>
                <enable_option>PrintQualityGroup.PQGroup_5</enable_option>
                <select_option>PrintQualityGroup.PQGroup_2</select_option>
              </case>
              
              <case>
                <name>HP_PHOTO_GREETING_CARDS</name>
                <enable_option>PrintQualityGroup.PQGroup_1</enable_option>
                <enable_option>PrintQualityGroup.PQGroup_2</enable_option>
                <enable_option>PrintQualityGroup.PQGroup_3</enable_option>
                <enable_option>PrintQualityGroup.PQGroup_4</enable_option>
                <enable_option>PrintQualityGroup.PQGroup_5</enable_option>
                <select_option>PrintQualityGroup.PQGroup_1</select_option>
              </case>
              <case>
                <name>HP_PHOTO_PAPER</name>
                <enable_option>PrintQualityGroup.PQGroup_1</enable_option>
                <enable_option>PrintQualityGroup.PQGroup_2</enable_option>
                <enable_option>PrintQualityGroup.PQGroup_3</enable_option>
                <enable_option>PrintQualityGroup.PQGroup_4</enable_option>
                <enable_option>PrintQualityGroup.PQGroup_5</enable_option>
                <select_option>PrintQualityGroup.PQGroup_1</select_option>
              </case>              
              <case>
                <name>OTHER_GREETING_CARDS</name>
                <enable_option>PrintQualityGroup.PQGroup_1</enable_option>
                <enable_option>PrintQualityGroup.PQGroup_2</enable_option>
                <enable_option>PrintQualityGroup.PQGroup_3</enable_option>
                <enable_option>PrintQualityGroup.PQGroup_4</enable_option>
                <enable_option>PrintQualityGroup.PQGroup_5</enable_option>
                <select_option>PrintQualityGroup.PQGroup_2</select_option>
              </case>              
               <case>
                <name>HP_TRIFOLD_BROCHURE_PAPER_GLOSSY</name>
                <enable_option>PrintQualityGroup.PQGroup_1</enable_option>
                <enable_option>PrintQualityGroup.PQGroup_2</enable_option>
                <enable_option>PrintQualityGroup.PQGroup_3</enable_option>
                <enable_option>PrintQualityGroup.PQGroup_4</enable_option>
                <enable_option>PrintQualityGroup.PQGroup_5</enable_option>
                <select_option>PrintQualityGroup.PQGroup_2</select_option>
              </case>     
              <case>
                <name>OTHER_BROCHURE_PAPERS</name>
                <enable_option>PrintQualityGroup.PQGroup_1</enable_option>
                <enable_option>PrintQualityGroup.PQGroup_2</enable_option>
                <enable_option>PrintQualityGroup.PQGroup_3</enable_option>
                <enable_option>PrintQualityGroup.PQGroup_4</enable_option>
                <enable_option>PrintQualityGroup.PQGroup_5</enable_option>
                <select_option>PrintQualityGroup.PQGroup_2</select_option>
              </case>             
               <case_default>
                <enable_option>PrintQualityGroup.PQGroup_1</enable_option>
                <enable_option>PrintQualityGroup.PQGroup_2</enable_option>
                <enable_option>PrintQualityGroup.PQGroup_3</enable_option>
                <enable_option>PrintQualityGroup.PQGroup_4</enable_option>
                <enable_option>PrintQualityGroup.PQGroup_5</enable_option>
                <select_option>PrintQualityGroup.PQGroup_2</select_option>
             </case_default>
                  </switch>
                  <!-- ========================================= -->
                  <!-- Second macro statement                    -->
                  <!-- invokes the Print Quality macro           -->
                  <!-- to make selections to Resolution etc      -->
                  <!-- ========================================= -->
                  <call>macro_PrintQualityGroup</call>
               </macro>
               <!-- ========================================= -->
               <!--                 Print Quality             -->
               <!--                                           -->
               <!-- Print Quality macro can be invoked either -->
               <!-- 1. by the Media Type macro, or            -->
               <!-- 2. when the user explicitly selects a PQ  -->
               <!--    setting from the Print Quality control -->
               <!-- ========================================= -->
               <macro>
                  <name>macro_PrintQualityGroup</name>
                  <switch>
                     <name>PrintQualityGroup</name>
                     <case>
                        <name>PQGroup_1</name>
                        <select_option>Resolution.600dpi</select_option>
                        <select_option>PrintQuality.Best</select_option>
                        <select_option>HPRedEyeReduction.Off</select_option>
                        <select_option>HPSmartFocus.On</select_option>
                        <select_option>HPContrast.Off</select_option>
                        <select_option>HPDigitalFlash.On</select_option>
                        <select_option>HPSharpness.Off</select_option>
                        <select_option>HPSmoothing.Off</select_option>
                        <resource_id>3996</resource_id>
                        <resource_id>3996</resource_id>
                        <resource_id>968</resource_id>
                     </case>
                     <case>
                        <name>PQGroup_2</name>
                        <select_option>Resolution.600dpi</select_option>
                        <select_option>PrintQuality.Normal</select_option>
                        <select_option>HPRedEyeReduction.Off</select_option>
                        <select_option>HPSmartFocus.Off</select_option>
                        <select_option>HPContrast.On</select_option>
                        <select_option>HPDigitalFlash.On</select_option>
                        <select_option>HPSharpness.On</select_option>
                        <select_option>HPSmoothing.On</select_option>
                        <resource_id>3996</resource_id>
                        <resource_id>3996</resource_id>
                        <resource_id>968</resource_id>
                        <call>macro_PrintQualityGroup_PQGroup_2</call>
                     </case>
                     <case>
                        <name>PQGroup_3</name>
                        <select_option>Resolution.300dpi</select_option>
                        <select_option>PrintQuality.FastDraft</select_option>
                        <select_option>HPRedEyeReduction.Off</select_option>
                        <select_option>HPSmartFocus.Off</select_option>
                        <select_option>HPContrast.On</select_option>
                        <select_option>HPDigitalFlash.On</select_option>
                        <select_option>HPSharpness.On</select_option>
                        <select_option>HPSmoothing.On</select_option>
                        <resource_id>3995</resource_id>
                        <resource_id>3995</resource_id>
                        <resource_id>968</resource_id>
                        <call>macro_PrintQualityGroup_PQGroup_3</call>
                     </case>
                     <case>
                        <name>PQGroup_4</name>
                        <select_option>Resolution.300dpi</select_option>
                        <select_option>PrintQuality.FastNormal</select_option>
                        <select_option>HPRedEyeReduction.Off</select_option>
                        <select_option>HPSmartFocus.Off</select_option>
                        <select_option>HPContrast.On</select_option>
                        <select_option>HPDigitalFlash.On</select_option>
                        <select_option>HPSharpness.On</select_option>
                        <select_option>HPSmoothing.On</select_option>
                        <resource_id>3996</resource_id>
                        <resource_id>3996</resource_id>
                        <resource_id>968</resource_id>
                        <call>macro_PrintQualityGroup_PQGroup_4</call>
                     </case>
                     <case>
                        <name>PQGroup_5</name>
                        <select_option>Resolution.1200dpi</select_option>
                        <select_option>PrintQuality.4800x1200</select_option>
                        <select_option>HPRedEyeReduction.Off</select_option>
                        <select_option>HPSmartFocus.On</select_option>
                        <select_option>HPContrast.Off</select_option>
                        <select_option>HPDigitalFlash.On</select_option>
                        <select_option>HPSharpness.Off</select_option>
                        <select_option>HPSmoothing.Off</select_option>
                        <resource_id>3997</resource_id>
                        <resource_id>3997</resource_id>
                        <resource_id>3434</resource_id>
                     </case>
                  </switch>
               </macro>

               <macro>
               <name>macro_PrintQualityGroup_PQGroup_2</name>
                <switch>
                <name>MediaType</name>
                       
                <case>
                        <name>OTHER_TRANSPARENCY_FILMS</name> 
                        <select_option>Resolution.300dpi</select_option>
                        <resource_id>3995</resource_id>
                        <resource_id>3995</resource_id>
                        <resource_id>968</resource_id>

                 </case>
                 
                 <case_default>
                        <select_option>Resolution.600dpi</select_option>
                        <resource_id>3996</resource_id>
                        <resource_id>3996</resource_id>
                        <resource_id>968</resource_id>
                     </case_default>
                  </switch>
               </macro>
               <macro>
               <name>macro_PrintQualityGroup_PQGroup_3</name>
                <switch>
                <name>MediaType</name>
                          
                 
                    <case>
                        <name>HP_PREM_INKJET_PAPER</name>
                        <select_option>Resolution.600dpi</select_option>
                        <resource_id>3996</resource_id>
                        <resource_id>3996</resource_id>
                        <resource_id>968</resource_id>

                 </case>
                 
                 <case>
                        <name>OTHER_INKJET_PAPERS</name>
                        <select_option>Resolution.600dpi</select_option>
                        <resource_id>3996</resource_id>
                        <resource_id>3996</resource_id>
                        <resource_id>968</resource_id>

                 </case>
                <case>
                        <name>HP_PREMIUM_PLUS_PHOTO_PAPER</name> 
                        <select_option>Resolution.600dpi</select_option>
                        <resource_id>3996</resource_id>
                        <resource_id>3996</resource_id>
                        <resource_id>968</resource_id>

                 </case>
                  <case>
                        <name>HP_PREMIUM_PHOTO_PAPER</name>
                        <select_option>Resolution.600dpi</select_option>
                        <resource_id>3996</resource_id>
                        <resource_id>3996</resource_id>
                        <resource_id>968</resource_id>

                 </case>
                 <case>
                        <name>HP_EVERYDAY_PHOTO_PAPER_SEMI_GLOSS</name>
                        <select_option>Resolution.600dpi</select_option>
                        <resource_id>3996</resource_id>
                        <resource_id>3996</resource_id>
                        <resource_id>968</resource_id>

                 </case>
                 <case>
                        <name>HP_EVERYDAY_PHOTO_PAPER_MATTE</name>
                        <select_option>Resolution.600dpi</select_option>
                        <resource_id>3996</resource_id>
                        <resource_id>3996</resource_id>
                        <resource_id>968</resource_id>
                 </case>

                <case>

                <name>HP_PHOTO_PAPER</name>
                <select_option>Resolution.600dpi</select_option>
                        <resource_id>3996</resource_id>
                        <resource_id>3996</resource_id>
                        <resource_id>968</resource_id>
                 </case>
                 <case>
                     <name>HP_TRIFOLD_BROCHURE_PAPER_GLOSSY</name>
                        <select_option>Resolution.600dpi</select_option>
                        <resource_id>3996</resource_id>
                        <resource_id>3996</resource_id>
                        <resource_id>968</resource_id>

                 </case>
                 <case>
                           
                        <name>OTHER_PHOTO_PAPER</name> 
                        <select_option>Resolution.600dpi</select_option>
                        <resource_id>3996</resource_id>
                        <resource_id>3996</resource_id>
                        <resource_id>968</resource_id>
                </case>

               <case>
               <name>HP_PHOTO_GREETING_CARDS</name>                         
                <select_option>Resolution.600dpi</select_option>
                        <resource_id>3996</resource_id>
                        <resource_id>3996</resource_id>
                        <resource_id>968</resource_id>
                </case>
                <case>
              <name>OTHER_GREETING_CARDS</name>      
               <select_option>Resolution.600dpi</select_option>
                        <resource_id>3996</resource_id>
                        <resource_id>3996</resource_id>
                        <resource_id>968</resource_id>
                </case>
                <case>
              <name>OTHER_BROCHURE_PAPERS</name>  
               <select_option>Resolution.600dpi</select_option>
                        <resource_id>3996</resource_id>
                        <resource_id>3996</resource_id>
                        <resource_id>968</resource_id>
                </case>
                        <case>
               <name>OTHER_SPECIALTY_PAPERS</name>   
                <select_option>Resolution.600dpi</select_option>
                        <resource_id>3996</resource_id>
                        <resource_id>3996</resource_id>
                        <resource_id>968</resource_id>
                        </case> 

                 <case_default>
                        <select_option>Resolution.300dpi</select_option>
                        <resource_id>3995</resource_id>
                        <resource_id>3995</resource_id>
                        <resource_id>968</resource_id>
                     </case_default>
                  </switch>
               </macro>
               <macro>
               <name>macro_PrintQualityGroup_PQGroup_4</name>
                <switch>
                <name>MediaType</name>
                          
                <case>
                        <name>HP_PREM_INKJET_PAPER</name>
                        <select_option>Resolution.600dpi</select_option>
                        <resource_id>3996</resource_id>
                        <resource_id>3996</resource_id>
                        <resource_id>968</resource_id>

                 </case>
                 
                 <case>
                        <name>OTHER_INKJET_PAPERS</name>
                        <select_option>Resolution.600dpi</select_option>
                        <resource_id>3996</resource_id>
                        <resource_id>3996</resource_id>
                        <resource_id>968</resource_id>

                 </case>
                 <case>
                        <name>HP_PREMIUM_PLUS_PHOTO_PAPER</name> 
                        <select_option>Resolution.600dpi</select_option>
                        <resource_id>3996</resource_id>
                        <resource_id>3996</resource_id>
                        <resource_id>968</resource_id>

                 </case>
                          
                 <case>
                        <name>HP_PREMIUM_PHOTO_PAPER</name>
                        <select_option>Resolution.600dpi</select_option>
                        <resource_id>3996</resource_id>
                        <resource_id>3996</resource_id>
                        <resource_id>968</resource_id>

                 </case>

                              
               <case>
                         <name>HP_EVERYDAY_PHOTO_PAPER_SEMI_GLOSS</name>
                        <select_option>Resolution.600dpi</select_option>
                        <resource_id>3996</resource_id>
                        <resource_id>3996</resource_id>
                        <resource_id>968</resource_id>
                 </case>
                 <case>
                        <name>HP_EVERYDAY_PHOTO_PAPER_MATTE</name>
                        <select_option>Resolution.600dpi</select_option>
                        <resource_id>3996</resource_id>
                        <resource_id>3996</resource_id>
                        <resource_id>968</resource_id>
                 </case>
                <case>
                <name>HP_PHOTO_PAPER</name>
                <select_option>Resolution.600dpi</select_option>
                <resource_id>3996</resource_id>
                <resource_id>3996</resource_id>
                <resource_id>968</resource_id>
                </case>
               <case>
              <name>HP_ADVANCED_PHOTO_PAPER</name> 
              <select_option>Resolution.600dpi</select_option>
                <resource_id>3996</resource_id>
                <resource_id>3996</resource_id>
                <resource_id>968</resource_id>
                </case>
                <case>
                <name>HP_EVERYDAY_PHOTO_PAPER_MATTE</name>
                <select_option>Resolution.600dpi</select_option>
                <resource_id>3996</resource_id>
                <resource_id>3996</resource_id>
                <resource_id>968</resource_id>
                 </case>
                 <case>                           
              <name>OTHER_PHOTO_PAPER</name>   
              <select_option>Resolution.600dpi</select_option>
              <resource_id>3996</resource_id>
              <resource_id>3996</resource_id>
               <resource_id>968</resource_id>
                </case>
               <case>
               <name>HP_PHOTO_GREETING_CARDS</name>                         
                <select_option>Resolution.600dpi</select_option>
                <resource_id>3996</resource_id>
                <resource_id>3996</resource_id>
                <resource_id>968</resource_id>
                </case>
                <case>
              <name>OTHER_GREETING_CARDS</name>      
               <select_option>Resolution.600dpi</select_option>
                <resource_id>3996</resource_id>
                <resource_id>3996</resource_id>
                <resource_id>968</resource_id>
                </case>
                <case>                
               <name>HP_BROCHURE_PAPER_GLOSSY</name>              
                <select_option>Resolution.600dpi</select_option>
                <resource_id>3996</resource_id>
                <resource_id>3996</resource_id>
                <resource_id>968</resource_id>
                </case>
              <case>
              <name>OTHER_BROCHURE_PAPERS</name>  
               <select_option>Resolution.600dpi</select_option>
                <resource_id>3996</resource_id>
                <resource_id>3996</resource_id>
                <resource_id>968</resource_id>
                </case>
                <case>
               <name>OTHER_SPECIALTY_PAPERS</name>   
                <select_option>Resolution.600dpi</select_option>
                <resource_id>3996</resource_id>
                <resource_id>3996</resource_id>
                <resource_id>968</resource_id>
                 </case> 
                 <case_default>
                        <select_option>Resolution.300dpi</select_option>
                        <resource_id>3995</resource_id>
                        <resource_id>3995</resource_id>
                        <resource_id>968</resource_id>
                     </case_default>
                  </switch>
               </macro>


               <!-- ========================================= -->
               <!--    Print Quality Import                   -->
               <!--   Mapping is as follows                   -->
               <!--   (a) Best         - PQGroup_1            -->
               <!--   (b) Normal       - PQGroup_2            -->
               <!--   (c) FastDraft         - PQGroup_3            -->
               <!--   (d) FastNormal   - PQGroup_4            -->
               <!--   (e) 4800x1200  - PQGroup_5            -->
               <!-- Print Quality options have single level   -->
               <!-- association only                          -->
               <!-- ========================================= -->
               <macro>
                  <name>macro_PrintQualityImport</name>
                  <switch>
                     <name>PrintQualityImport</name>
                     <case>
                        <name>Best</name>
                        <map_option>PQGroup_1</map_option>
                     </case>
                     <case>
                        <name>Normal</name>
                        <map_option>PQGroup_2</map_option>
                     </case>
                     <case>
                        <name>FastDraft</name>
                        <map_option>PQGroup_3</map_option>
                     </case>
                     <case>
                        <name>FastNormal</name>
                        <map_option>PQGroup_4</map_option>
                     </case>
                     <case>
                        <name>4800x1200</name>
                        <map_option>PQGroup_5</map_option>
                     </case>
                  </switch>
                  <call>macro_PrintQualityGroup</call>
               </macro>
               <!-- ========================================= -->
               <!--    Print Quality Export                   -->
               <!--   Mapping is as follows                   -->
               <!--   (a) Best         - PQGroup_1            -->
               <!--   (b) Normal       - PQGroup_2            -->
               <!--   (c) FastDraft         - PQGroup_3            -->
               <!--   (d) FastNormal   - PQGroup_4            -->
               <!--   (e) 4800x1200  - PQGroup_5            -->
               <!-- Print Quality options have single level   -->
               <!-- association only                          -->
               <!-- ========================================= -->
               <macro>
                  <name>macro_PrintQualityExport</name>
                  <switch>
                     <name>PrintQualityExport</name>
                     <case>
                        <name>PQGroup_1</name>
                        <unmap_option>Best</unmap_option>
                     </case>
                     <case>
                        <name>PQGroup_2</name>
                        <unmap_option>Normal</unmap_option>
                     </case>
                     <case>
                        <name>PQGroup_3</name>
                        <unmap_option>FastDraft</unmap_option>
                     </case>
                     <case>
                        <name>PQGroup_4</name>
                        <unmap_option>FastNormal</unmap_option>
                     </case>
                     <case>
                        <name>PQGroup_5</name>
                        <unmap_option>4800x1200</unmap_option>
                     </case>
                  </switch>
               </macro>
              <macro>
                    <name>macro_pop_up_4800_1200_warning</name>
                    <title>3356</title>
                    <icon>MB_ICONWARNING</icon> 
                    <string_id>5061</string_id>
                    <message_type>MB_OK</message_type>
                    <butt1>849</butt1>
                    <showpopup>MSG_BOX</showpopup>
                </macro>
              <macro>
                <name>macro_pop_up_CustomPaper</name>
                <title>876</title> 
                <icon>MB_ICONWARNING</icon>
                <string_id>4254</string_id>    
                <message_type>MB_OK</message_type>                                     
                <showpopup>MSG_BOX</showpopup>                     
              </macro>
              <macro>
                <name>macro_custom_size</name>
                <option_name>min_width.76200</option_name>
                <option_name>max_width.215900</option_name>
                <option_name>min_length.127000</option_name>
                <option_name>max_length.355600</option_name>
              </macro>
              <macro>
                <name>macro_InstalledPenSet_Premium</name>
                <switch>
                    <name>HPInstalledPrintCartridges</name>
                    <case>
                        <name>BLACK</name>
                        <select_option>HPICCProfileName.PremiumPaperTricolorblack</select_option>
                    </case>
                    <case>
                        <name>PHOTO</name>
                        <select_option>HPICCProfileName.PremiumPaperTricolorphoto</select_option>
                    </case>
                    <case>
                        <name>PHOTOGRAY</name>
                        <select_option>HPICCProfileName.PremiumPaperTricolorgray</select_option>
                    </case>
                    <case_default>
                      <select_option>HPICCProfileName.sRGB</select_option>
                   </case_default>
                </switch>         
              </macro>
              <macro>
                <name>macro_InstalledPenSet_PremiumPlusPhoto</name>
                <switch>
                    <name>HPInstalledPrintCartridges</name>
                    <case>
                        <name>BLACK</name>
                        <select_option>HPICCProfileName.PremiumPlusPhotoTricolorblack</select_option>
                    </case>
                    <case>
                        <name>PHOTO</name>
                        <select_option>HPICCProfileName.PremiumPlusPhotoTricolorgray</select_option>
                    </case>
                    <case>
                        <name>PHOTOGRAY</name>
                        <select_option>HPICCProfileName.PremiumPlusPhotoTricolorphoto</select_option>
                    </case>
                    <case_default>
                      <select_option>HPICCProfileName.sRGB</select_option>
                   </case_default>
                </switch>         
              </macro>
              <macro>
                <name>macro_ICCProfileFileName</name>
                <switch>
                    <name>MediaType</name>
                    <case>
                        <name>HP_PREM_INKJET_PAPER</name>
                        <call>macro_InstalledPenSet_Premium</call> 
                    </case>
                    <case>
                        <name>HP_PREMIUM_PLUS_PHOTO_PAPER</name>
                        <call>macro_InstalledPenSet_PremiumPlusPhoto</call> 
                    </case>
                </switch>
              </macro>
              <macro>
                <name>macro_pop_up_MinimizeMargin</name>
                <title>876</title> 
                <icon>MB_ICONWARNING</icon>
                <string_id>4213</string_id>    
                <message_type>MB_OKCANCEL</message_type>                                     
                <showpopup>MSG_BOX</showpopup>                     
              </macro>
              
            </macros>
            <presets>

                <presetenglish>
                    <name>Default Print Settings</name> 
                    <resource_id>3041</resource_id> 
                    <setting>MediaType.PLAIN</setting>
                    <setting>PrintQualityGroup.PQGroup_2</setting> 
                </presetenglish>
                
                <presetjapanese>
                    <name> Default Print Settings</name>
                    <resource_id>3041</resource_id>
                    <setting>PaperSize.A4</setting>
                    <setting>TargetSizeChoice.A4</setting>
                    <setting>MediaType.PLAIN</setting>
                    <setting>PrintQualityGroup.PQGroup_2</setting>
                </presetjapanese>
                                
            </presets>

            
            <groups>
          <group>
            <groupname>PaperType</groupname>
            <resource_id>3152</resource_id>            
             <subgroup>
              <subgroupname>Plain Papers</subgroupname>
              <resource_id>3126</resource_id>
              <name>PLAIN</name>
            </subgroup>                         
            <subgroup>
              <subgroupname>Inkjet Papers</subgroupname>
              <resource_id>3120</resource_id>
              <name>HP_BRIGHT_WHITE_INKJET_PAPER</name>
              <name>HP_PREM_INKJET_PAPER</name>              
              <name>OTHER_INKJET_PAPERS</name>
            </subgroup>            
            <subgroup>
              <subgroupname>Photo Papers</subgroupname>
              <resource_id>3121</resource_id>
              <name>HP_PREMIUM_PLUS_PHOTO_PAPER</name>              
              <name>HP_PREMIUM_PHOTO_PAPER</name>
              <name>HP_EVERYDAY_PHOTO_PAPER_SEMI_GLOSS</name>
              <name>HP_EVERYDAY_PHOTO_PAPER_MATTE</name>              
              <name>HP_PHOTO_PAPER</name>              
              <name>OTHER_PHOTO_PAPER</name>         
             </subgroup>
            <subgroup>
              <subgroupname>Transparency Films</subgroupname>
              <resource_id>3122</resource_id>              
              <name>OTHER_TRANSPARENCY_FILMS</name>
            </subgroup>
            <subgroup>
              <subgroupname>Greeting Cards</subgroupname>
              <resource_id>3124</resource_id>              
              <name>HP_PHOTO_GREETING_CARDS</name>                         
              <name>OTHER_GREETING_CARDS</name>              
            </subgroup>
            <subgroup>
              <subgroupname>Brochure Papers</subgroupname>
              <resource_id>3125</resource_id>              
              <name>HP_TRIFOLD_BROCHURE_PAPER_GLOSSY</name>              
              <name>OTHER_BROCHURE_PAPERS</name>            
            </subgroup>            
            <subgroup>
              <subgroupname>Specialty Paper</subgroupname>
              <resource_id>3123</resource_id>              
              <name>OTHER_SPECIALTY_PAPERS</name>              
            </subgroup>           
            </group>
            
            <group>
            <groupname>PaperSize</groupname>
            <subgroup>
              <subgroupname>Document sizes</subgroupname>
              <resource_id>5050</resource_id>                           
              <name type="Metric">A5</name>
              <name type="Metric">B5_JIS</name>
              <name type="All">EXECUTIVE</name>
              <name type="Metric">A4</name>
              <name type="English">LETTER</name>
              <name type="English">LEGAL</name>
            </subgroup>
            <subgroup>
              <subgroupname>Borderless photo</subgroupname>
              <resource_id>5051</resource_id>
              <name type="Metric">HP_BORDERLESS_HAGAKI_CARD</name>
              <name type="Metric">HP_BORDERLESS_PHOTO_10_X_15_CM_WT</name>
              <name type="English">HP_BORDERLESS_PHOTO_4_X_6_IN_WT</name>
            </subgroup>
            <subgroup>
              <subgroupname>Photo sizes</subgroupname>
              <resource_id>5053</resource_id>                           
              <name type="Metric">E_SHEET</name>
              <name type="Metric">10_X_15</name>
              <name type="English">4_X_6_IN</name>
              <name type="Metric">10_X_15_CM_WT</name>
              <name type="English">4_X_6_IN_WT</name>
              <name type="Metric">A6</name>
              <name type="Metric">13_X_18_CM</name>
              <name type="English">5_X_7_IN</name>
              <name type="All">8_X_10_IN</name>
              <name type="Metric">HAGAKI_CARD</name>
             </subgroup>
             <subgroup>
              <subgroupname>Envelopes</subgroupname>
              <resource_id>5055</resource_id>
              <name type="Metric">ENV_A2</name>
              <name type="All">ENV_10</name>
              <name type="Metric">ENV_C6</name>
              <name type="Metric">ENV_DL</name>
             </subgroup>
             <subgroup>
              <subgroupname>Index cards</subgroupname>
              <resource_id>5056</resource_id>
              <name type="English">INDEX_CARD_3X5</name>
              <name type="English">INDEX_CARD_4X6</name>
              <name type="English">INDEX_CARD_5X8</name>
             </subgroup>
           </group>
        </groups>

  <DocUISettings>
    <DocSetting>
      <name>General Everyday Printing</name>
      <resource_id>4404</resource_id>
      <bitmap_id>277</bitmap_id>
            
      <DocFeature>
          <name>PrintQuality</name>
          <resource_id>4257</resource_id>
          <help_id>15489</help_id>
          <select_option>Normal</select_option>

          <DocOption>
            <name>Normal</name>
            <bitmap_id>292</bitmap_id>
          </DocOption>
          <DocOption>
            <name>FastDraft</name>
            <bitmap_id>295</bitmap_id>
          </DocOption>
          <DocOption>
            <name>FastNormal</name>
            <bitmap_id>294</bitmap_id>
          </DocOption>          
          <DocOption>
            <name>Best</name>
            <bitmap_id>290</bitmap_id>
          </DocOption>
          <DocOption>
            <name>4800x1200</name>
            <bitmap_id>287</bitmap_id>
          </DocOption>
               
      </DocFeature>

      <DocFeature>
          <name>MediaType</name>
          <resource_id>4258</resource_id>
          <help_id>15483</help_id>
          <select_option>PLAIN</select_option>
          
          <DocOption>
             <name>PLAIN</name>
             <bitmap_id>299</bitmap_id>
          </DocOption>         
          
      </DocFeature>

      <DocFeature>
          <name>PaperSize</name>
          <resource_id>4259</resource_id>
          <help_id>15481</help_id>
          
          <!-- Locale Specific paper size defaults =============== -->
          <!-- US - 1, Portugal - 351, Japan - 81  -->          
          <switch>
              <name>LocaleID</name>
              <case>
                  <name>1</name>
                  <select_option>LETTER</select_option>
              </case>
              <case>
                  <name>351</name>
                  <select_option>LETTER</select_option>
              </case>
              <case_default>
                  <select_option>A4</select_option>
              </case_default>
          </switch>

          <DocOption>
            <name>LETTER</name>
            <bitmap_id>306</bitmap_id>
          </DocOption>
          <DocOption>
            <name>LEGAL</name>
            <bitmap_id>306</bitmap_id>
          </DocOption>
          <DocOption>
            <name>A4</name>
            <bitmap_id>306</bitmap_id>
          </DocOption>
          
      </DocFeature>

      <DocFeature>
          <name>Orientation</name>
          <resource_id>4261</resource_id>
          <help_id>15479</help_id>
          <select_option>PORTRAIT</select_option>

          <DocOption>
             <name>PORTRAIT</name>
             <bitmap_id>310</bitmap_id>
          </DocOption>
          <DocOption>
             <name>LANDSCAPE_CC270</name>
             <bitmap_id>312</bitmap_id>
          </DocOption>
      </DocFeature>
      <DocFeature>
          <name>Duplex</name>
          <resource_id>4262</resource_id>
          <help_id>15487</help_id>
          <select_option>None</select_option>

          <DocOption>
             <name>None</name>
             <resource_id>763</resource_id>
             <bitmap_id>349</bitmap_id>
          </DocOption>
          <DocOption>
             <name>Manually</name>
             <resource_id>4267</resource_id>
             <bitmap_id>353</bitmap_id>
          </DocOption>  
          <DocOption>
             <name>LeftEdgeBinding</name>
             <resource_id>4268</resource_id>
             <bitmap_id>355</bitmap_id>
          </DocOption> 
          <DocOption>
             <name>RightEdgeBinding</name>
             <resource_id>4269</resource_id>
             <bitmap_id>357</bitmap_id>
          </DocOption> 
              
      </DocFeature>
    </DocSetting>    
    
<DocSetting>
      <name>Photo printing-borderless</name>
      <resource_id>4274</resource_id>            
      <bitmap_id>279</bitmap_id>

      <DocFeature>
          <name>PrintQuality</name>
          <resource_id>4257</resource_id>
          <help_id>15489</help_id>
          <select_option>Best</select_option>
                    
          <DocOption>
            <name>Best</name>
            <bitmap_id>290</bitmap_id>
          </DocOption>         
          <DocOption>
            <name>FastDraft</name>
            <bitmap_id>295</bitmap_id>
          </DocOption>          
          <DocOption>
            <name>4800x1200</name>
            <bitmap_id>287</bitmap_id>
          </DocOption>
                  
                  
      </DocFeature>

      <DocFeature>
          <name>MediaType</name>
          <resource_id>4258</resource_id>
          <help_id>15483</help_id>
          <select_option>HP_PREMIUM_PLUS_PHOTO_PAPER</select_option>

                   
          <DocOption>
             <name>HP_PREMIUM_PLUS_PHOTO_PAPER</name>
             <bitmap_id>301</bitmap_id>
          </DocOption>
          <DocOption>
             <name>HP_PREMIUM_PHOTO_PAPER</name>
             <bitmap_id>301</bitmap_id>
          </DocOption>
          <DocOption>
             <name>HP_EVERYDAY_PHOTO_PAPER_SEMI_GLOSS</name>
             <bitmap_id>301</bitmap_id>
          </DocOption>
          <DocOption>
             <name>HP_EVERYDAY_PHOTO_PAPER_MATTE</name>
             <bitmap_id>301</bitmap_id>
          </DocOption>
          <DocOption>
             <name>HP_PHOTO_PAPER</name>
             <bitmap_id>301</bitmap_id>
          </DocOption>
          <DocOption>
             <name>OTHER_PHOTO_PAPER</name>
             <bitmap_id>301</bitmap_id>
          </DocOption>
          <DocOption>
             <name>HP_TRIFOLD_BROCHURE_PAPER_GLOSSY</name>
             <bitmap_id>301</bitmap_id>
          </DocOption>
          <DocOption>
             <name>OTHER_BROCHURE_PAPERS</name>
             <bitmap_id>301</bitmap_id>
          </DocOption>
          

      </DocFeature>

      <DocFeature>
          <name>PaperSize</name>
          <resource_id>4259</resource_id>
          <help_id>15481</help_id>
          <select_option>HP_BORDERLESS_PHOTO_4_X_6_IN_WT</select_option>

          <DocOption>
            <name>HP_BORDERLESS_PHOTO_4_X_6_IN_WT</name>
            <bitmap_id>306</bitmap_id>
          </DocOption>
          <DocOption>
            <name>HP_BORDERLESS_PHOTO_10_X_15_CM_WT</name>
            <bitmap_id>306</bitmap_id>
          </DocOption>
          <DocOption>
            <name>HP_BORDERLESS_HAGAKI_CARD</name>
            <bitmap_id>306</bitmap_id>
          </DocOption>
          
          
      </DocFeature>      

      <DocFeature>
          <name>Orientation</name>
          <resource_id>4261</resource_id>
          <help_id>15479</help_id>
          <select_option>LANDSCAPE_CC270</select_option>

          <DocOption>
             <name>PORTRAIT</name>
             <bitmap_id>310</bitmap_id>
          </DocOption>
          <DocOption>
             <name>LANDSCAPE_CC270</name>
             <bitmap_id>312</bitmap_id>
          </DocOption>
      </DocFeature>
      
            
      
      <DocFeature>
          <name>DigitalPhotography</name>
          <resource_id>4858</resource_id>
          <help_id>15478</help_id>
          <select_option>Enabled</select_option>

          <DocOption>
             <name>Enabled</name>
             <bitmap_id>327</bitmap_id>
          </DocOption>
      </DocFeature>
                              
    </DocSetting>
        
    <DocSetting>
      <name>Photo Printing-with white borders</name>
      <resource_id>4275</resource_id>            
      <bitmap_id>281</bitmap_id>

      <DocFeature>
          <name>PrintQuality</name>
          <resource_id>4257</resource_id>
          <help_id>15489</help_id>
          <select_option>Best</select_option>
                    
          <DocOption>
            <name>FastDraft</name>
            <bitmap_id>295</bitmap_id>
          </DocOption>          
          <DocOption>
            <name>Best</name>
            <bitmap_id>290</bitmap_id>
          </DocOption>
          <DocOption>
            <name>4800x1200</name>
            <bitmap_id>287</bitmap_id>
          </DocOption>
                  
      </DocFeature>

      <DocFeature>
          <name>MediaType</name>
          <resource_id>4258</resource_id>
          <help_id>15483</help_id>
          <select_option>HP_PREMIUM_PLUS_PHOTO_PAPER</select_option>

                   
          <DocOption>
             <name>HP_PREMIUM_PLUS_PHOTO_PAPER</name>
             <bitmap_id>301</bitmap_id>
          </DocOption>
          <DocOption>
             <name>HP_PREMIUM_PHOTO_PAPER</name>
             <bitmap_id>301</bitmap_id>
          </DocOption>
          <DocOption>
             <name>HP_EVERYDAY_PHOTO_PAPER_SEMI_GLOSS</name>
             <bitmap_id>301</bitmap_id>
          </DocOption>
          <DocOption>
             <name>HP_EVERYDAY_PHOTO_PAPER_MATTE</name>
             <bitmap_id>301</bitmap_id>
          </DocOption>          
          
          <DocOption>
             <name>HP_PHOTO_PAPER</name>
             <bitmap_id>301</bitmap_id>
          </DocOption>
          <DocOption>
             <name>OTHER_PHOTO_PAPER</name>
             <bitmap_id>301</bitmap_id>
          </DocOption>
          
          

      </DocFeature>

      <DocFeature>
          <name>PaperSize</name>
          <resource_id>4259</resource_id>
          <help_id>15481</help_id>
          <select_option>4_X_6_IN</select_option>

          <DocOption>
            <name>LETTER</name>
            <bitmap_id>306</bitmap_id>
          </DocOption>
          <DocOption>
            <name>A4</name>
            <bitmap_id>306</bitmap_id>
          </DocOption>
          <DocOption>
            <name>A5</name>
            <bitmap_id>306</bitmap_id>
          </DocOption>
          <DocOption>
            <name>A6</name>
            <bitmap_id>306</bitmap_id>
          </DocOption>
          <DocOption>
            <name>4_X_6_IN</name>
            <bitmap_id>306</bitmap_id>
          </DocOption>          
          <DocOption>
            <name>4_X_6_IN_WT</name>
            <bitmap_id>306</bitmap_id>
          </DocOption>
          <DocOption>
            <name>10_X_15</name>
            <bitmap_id>306</bitmap_id>
          </DocOption>
          <DocOption>
            <name>10_X_15_CM_WT</name>
            <bitmap_id>306</bitmap_id>
          </DocOption>
          <DocOption>
            <name>5_X_7_IN</name>
            <bitmap_id>306</bitmap_id>
          </DocOption>
          <DocOption>
            <name>13_X_18_CM</name>
            <bitmap_id>306</bitmap_id>
          </DocOption>
          <DocOption>
            <name>8_X_10_IN</name>
            <bitmap_id>306</bitmap_id>
          </DocOption>
      </DocFeature>      

      <DocFeature>
          <name>Orientation</name>
          <resource_id>4261</resource_id>
          <help_id>15479</help_id>
          <select_option>LANDSCAPE_CC270</select_option>

          <DocOption>
             <name>PORTRAIT</name>
             <bitmap_id>310</bitmap_id>
          </DocOption>
          <DocOption>
             <name>LANDSCAPE_CC270</name>
             <bitmap_id>312</bitmap_id>
          </DocOption>
      </DocFeature>
      <DocFeature>
          <name>DigitalPhotography</name>
          <resource_id>4858</resource_id>
          <help_id>15478</help_id>
          <select_option>Enabled</select_option>

          <DocOption>
             <name>Enabled</name>
             <bitmap_id>327</bitmap_id>
          </DocOption>
      </DocFeature>
                              
    </DocSetting>

    <DocSetting>
      <name>Two-sided (Duplex) Printing</name>
      <resource_id>4276</resource_id>
      <bitmap_id>283</bitmap_id>
            
      <DocFeature>
          <name>PrintQuality</name>
          <resource_id>4257</resource_id>
          <help_id>15489</help_id>
          <select_option>Normal</select_option>
          
          <DocOption>
            <name>Normal</name>
            <bitmap_id>292</bitmap_id>
          </DocOption>
          <DocOption>
            <name>FastDraft</name>
            <bitmap_id>295</bitmap_id>
          </DocOption>
          <DocOption>
            <name>FastNormal</name>
            <bitmap_id>294</bitmap_id>
          </DocOption>
      </DocFeature>

      <DocFeature>
          <name>MediaType</name>
          <resource_id>4258</resource_id>
          <help_id>15483</help_id>
          <select_option>PLAIN</select_option>

          
          <DocOption>
             <name>PLAIN</name>
             <bitmap_id>299</bitmap_id>
          </DocOption>
          <DocOption>
             <name>HP_BRIGHT_WHITE_INKJET_PAPER</name>
             <bitmap_id>299</bitmap_id>
          </DocOption>
          <DocOption>
             <name>HP_PREM_INKJET_PAPER</name>            
             <bitmap_id>299</bitmap_id>
          </DocOption>
          <DocOption>
             <name>OTHER_INKJET_PAPERS</name>
             <bitmap_id>299</bitmap_id>
          </DocOption>
          
      </DocFeature>

      <DocFeature>
          <name>PaperSize</name>
          <resource_id>4259</resource_id>
          <help_id>15481</help_id>
          
          <!-- Locale Specific paper size defaults =============== -->
          <!-- US - 1, Portugal - 351, Japan - 81  -->          
          <switch>
              <name>LocaleID</name>
              <case>
                  <name>1</name>
                  <select_option>LETTER</select_option>
              </case>
              <case>
                  <name>351</name>
                  <select_option>LETTER</select_option>
              </case>
              <case_default>
                  <select_option>A4</select_option>
              </case_default>
          </switch>

          <DocOption>
            <name>LETTER</name>
            <bitmap_id>306</bitmap_id>
          </DocOption>
          
          <DocOption>
            <name>EXECUTIVE</name>
            <bitmap_id>306</bitmap_id>
          </DocOption>
          <DocOption>
            <name>A4</name>
            <bitmap_id>306</bitmap_id>
          </DocOption>
          <DocOption>
            <name>HAGAKI_CARD</name>
            <bitmap_id>306</bitmap_id>
          </DocOption>
          <DocOption>
            <name>INDEX_CARD_4X6</name>
            <bitmap_id>306</bitmap_id>
          </DocOption>
          <DocOption>
            <name>INDEX_CARD_5X8</name>
            <bitmap_id>306</bitmap_id>
          </DocOption>
      </DocFeature>
      <DocFeature>
          <name>Duplex</name>
          <resource_id>4262</resource_id>
          <help_id>15487</help_id>
          <select_option>Manually</select_option>

          <DocOption>
             <name>None</name>
             <resource_id>763</resource_id>
             <bitmap_id>349</bitmap_id>
          </DocOption>
          <DocOption>
             <name>Manually</name>
             <resource_id>4267</resource_id>
             <bitmap_id>353</bitmap_id>
          </DocOption>  
          <DocOption>
             <name>LeftEdgeBinding</name>
             <resource_id>4268</resource_id>
             <bitmap_id>355</bitmap_id>
          </DocOption>
          <DocOption>
             <name>RightEdgeBinding</name>
             <resource_id>4269</resource_id>
             <bitmap_id>357</bitmap_id>
          </DocOption>        
      </DocFeature>
    </DocSetting>

    <DocSetting>
      <name>Presentation Printing</name>
      <resource_id>4277</resource_id>
      <bitmap_id>284</bitmap_id>
            
      <DocFeature>
          <name>PrintQuality</name>
          <resource_id>4257</resource_id>
          <help_id>15489</help_id>
          <select_option>Best</select_option>          

          <DocOption>
            <name>Normal</name>
            <bitmap_id>292</bitmap_id>
          </DocOption>
          <DocOption>
            <name>Best</name>
            <bitmap_id>290</bitmap_id>
          </DocOption>
          <DocOption>
            <name>4800x1200</name>
            <bitmap_id>287</bitmap_id>
          </DocOption>
      </DocFeature>

      <DocFeature>
          <name>MediaType</name>
          <resource_id>4258</resource_id>
          <help_id>15483</help_id>
          <select_option>PLAIN</select_option>

          
          <DocOption>
             <name>PLAIN</name>
             <bitmap_id>299</bitmap_id>
          </DocOption>
          <DocOption>
             <name>HP_BRIGHT_WHITE_INKJET_PAPER</name>
             <bitmap_id>299</bitmap_id>
          </DocOption>
          <DocOption>
             <name>HP_PREM_INKJET_PAPER</name>
             <bitmap_id>299</bitmap_id>
          </DocOption>
          <DocOption>
             <name>OTHER_INKJET_PAPERS</name>
             <bitmap_id>299</bitmap_id>
          </DocOption>
          <DocOption>
             <name>OTHER_TRANSPARENCY_FILMS</name>
             <bitmap_id>303</bitmap_id>
          </DocOption>          
          <DocOption>
             <name>HP_TRIFOLD_BROCHURE_PAPER_GLOSSY</name>
             <bitmap_id>303</bitmap_id>
          </DocOption>
          <DocOption>
             <name>OTHER_BROCHURE_PAPERS</name>
             <bitmap_id>299</bitmap_id>
          </DocOption>
      </DocFeature>

      <DocFeature>
          <name>PaperSize</name>
          <resource_id>4259</resource_id>
          <help_id>15481</help_id>
          
          <!-- Locale Specific paper size defaults =============== -->
          <!-- US - 1, Portugal - 351, Japan - 81  -->          
          <switch>
              <name>LocaleID</name>
              <case>
                  <name>1</name>
                  <select_option>LETTER</select_option>
              </case>
              <case>
                  <name>351</name>
                  <select_option>LETTER</select_option>
              </case>
              <case_default>
                  <select_option>A4</select_option>
              </case_default>
          </switch>

          <DocOption>
            <name>LETTER</name>
            <bitmap_id>306</bitmap_id>
          </DocOption>
          <DocOption>
            <name>LEGAL</name>
            <bitmap_id>306</bitmap_id>
          </DocOption>
          <DocOption>
            <name>EXECUTIVE</name>
            <bitmap_id>306</bitmap_id>
          </DocOption>
          <DocOption>
            <name>A4</name>
            <bitmap_id>306</bitmap_id>
          </DocOption>
          
      </DocFeature>      

      <DocFeature>
          <name>Orientation</name>
          <resource_id>4261</resource_id>
          <help_id>15479</help_id>
          <select_option>PORTRAIT</select_option>

          <DocOption>
             <name>PORTRAIT</name>
             <bitmap_id>310</bitmap_id>
          </DocOption>
          <DocOption>
             <name>LANDSCAPE_CC270</name>
             <bitmap_id>312</bitmap_id>
          </DocOption>
      </DocFeature>
      <DocFeature>
          <name>Copies</name>
          <resource_id>4271</resource_id>
          <help_id>15477</help_id>
          <select_option>1</select_option>
          <DocOption>
             <name>1</name>
             <bitmap_id>368</bitmap_id>
          </DocOption>
      </DocFeature>
    </DocSetting>

    <DocSetting>
      <name>Fast/Economical Printing</name>
      <resource_id>4278</resource_id>            
      <bitmap_id>286</bitmap_id>

      <DocFeature>
          <name>PrintQuality</name>
          <resource_id>4257</resource_id>
          <help_id>15489</help_id>
          <select_option>FastDraft</select_option>

          <DocOption>
            <name>FastDraft</name>
            <bitmap_id>295</bitmap_id>
          </DocOption>
          
      </DocFeature>

      <DocFeature>
          <name>MediaType</name>
          <resource_id>4258</resource_id>
          <help_id>15483</help_id>
          <select_option>PLAIN</select_option>
                    
          
          <DocOption>
             <name>PLAIN</name>
             <bitmap_id>299</bitmap_id>
          </DocOption>
          
        </DocFeature>

      <DocFeature>
          <name>PaperSize</name>
          <resource_id>4259</resource_id>
          <help_id>15481</help_id>
          
          <!-- Locale Specific paper size defaults =============== -->
          <!-- US - 1, Portugal - 351, Japan - 81  -->          
          <switch>
              <name>LocaleID</name>
              <case>
                  <name>1</name>
                  <select_option>LETTER</select_option>
              </case>
              <case>
                  <name>351</name>
                  <select_option>LETTER</select_option>
              </case>
              <case_default>
                  <select_option>A4</select_option>
              </case_default>
          </switch>

          <DocOption>
            <name>LETTER</name>
            <bitmap_id>306</bitmap_id>
          </DocOption>
          <DocOption>
            <name>LEGAL</name>
            <bitmap_id>306</bitmap_id>
          </DocOption>          
          <DocOption>
            <name>EXECUTIVE</name>
            <bitmap_id>306</bitmap_id>
          </DocOption>
          <DocOption>
            <name>A4</name>
            <bitmap_id>306</bitmap_id>
          </DocOption>
          <DocOption>
            <name>A5</name>
            <bitmap_id>306</bitmap_id>
          </DocOption>           
          <DocOption>
            <name>A6</name>
            <bitmap_id>306</bitmap_id>
          </DocOption>
          <DocOption>
            <name>INDEX_CARD_4X6</name>
            <bitmap_id>306</bitmap_id>
          </DocOption>
          <DocOption>
            <name>INDEX_CARD_5X8</name>
            <bitmap_id>306</bitmap_id>
          </DocOption>
      </DocFeature> 
      
      <DocFeature>
          <name>Orientation</name>
          <resource_id>4261</resource_id>
          <help_id>15479</help_id>
          <select_option>PORTRAIT</select_option>

          <DocOption>
             <name>PORTRAIT</name>
             <bitmap_id>310</bitmap_id>
          </DocOption>
          <DocOption>
             <name>LANDSCAPE_CC270</name>
             <bitmap_id>312</bitmap_id>
          </DocOption>
      </DocFeature>     
      <DocFeature>
          <name>Duplex</name>
          <resource_id>4262</resource_id>
          <help_id>15487</help_id>
          <select_option>None</select_option>

          <DocOption>
             <name>None</name>
             <resource_id>763</resource_id>
             <bitmap_id>349</bitmap_id>
          </DocOption>
          <DocOption>
             <name>Manually</name>
             <resource_id>4267</resource_id>
             <bitmap_id>353</bitmap_id>
          </DocOption>  
           <DocOption>
             <name>LeftEdgeBinding</name>
             <resource_id>4268</resource_id>
             <bitmap_id>355</bitmap_id>
          </DocOption> 
          <DocOption>
             <name>RightEdgeBinding</name>
             <resource_id>4269</resource_id>
             <bitmap_id>357</bitmap_id>
          </DocOption>    
      </DocFeature>    
      <DocFeature>
          <name>PagesPerSheet</name>
          <resource_id>815</resource_id>
          <help_id>15480</help_id>
          <select_option>1</select_option>

          <DocOption>
             <name>1</name>
             <resource_id>3300</resource_id>
             <bitmap_id>329</bitmap_id>
          </DocOption>
          <DocOption>
             <name>2</name>
             <resource_id>3301</resource_id>
             <bitmap_id>331</bitmap_id>
          </DocOption>                
          <DocOption>
             <name>4</name>
             <resource_id>3302</resource_id>
             <bitmap_id>333</bitmap_id>
          </DocOption>
          <DocOption>
             <name>6</name>
             <resource_id>3303</resource_id>
             <bitmap_id>335</bitmap_id>
          </DocOption>
          <DocOption>
             <name>9</name>
             <resource_id>3304</resource_id>
             <bitmap_id>339</bitmap_id>
          </DocOption>
          <DocOption>
             <name>16</name>
             <resource_id>3305</resource_id>
             <bitmap_id>341</bitmap_id>
          </DocOption>
      </DocFeature>

      <DocFeature>
          <name>HPPrintInGrayScale</name>
          <resource_id>796</resource_id>
          <help_id>15486</help_id>
          <select_option>False</select_option>

          <DocOption>
             <name>False</name>
             <bitmap_id>359</bitmap_id>
          </DocOption>
          <DocOption>
             <name>HighQuality</name>
             <bitmap_id>361</bitmap_id>
          </DocOption>                
          <DocOption>
             <name>BlackOnly</name>
             <bitmap_id>363</bitmap_id>
          </DocOption>
      </DocFeature>

      <DocFeature>
          <name>Copies</name>
          <resource_id>4271</resource_id>
          <help_id>15477</help_id>
          <select_option>1</select_option>
          <DocOption>
             <name>1</name>
             <bitmap_id>368</bitmap_id>
          </DocOption>
      </DocFeature>
    </DocSetting>

<DocSetting>
      <name>Postcard Printing</name>
      <resource_id>4280</resource_id>            
      <bitmap_id>819</bitmap_id>

      <DocFeature>
          <name>PrintQuality</name>
          <resource_id>4257</resource_id>
          <help_id>15489</help_id>
          <select_option>Best</select_option>
          <DocOption>
            <name>Best</name>
            <bitmap_id>290</bitmap_id>
          </DocOption> 
          <DocOption>
            <name>4800x1200</name>
            <bitmap_id>287</bitmap_id>
          </DocOption> 
      </DocFeature>

      <DocFeature>
          <name>MediaType</name>
          <resource_id>4258</resource_id>
          <help_id>15483</help_id>
          <select_option>PLAIN</select_option>

           <DocOption>
             <name>PLAIN</name>
             <bitmap_id>299</bitmap_id>
          </DocOption>          
          <DocOption>
             <name>OTHER_INKJET_PAPERS</name>
             <bitmap_id>301</bitmap_id>
          </DocOption>    
          <DocOption>
             <name>HP_PREMIUM_PLUS_PHOTO_PAPER</name>
             <bitmap_id>301</bitmap_id>
          </DocOption>
          <DocOption>
             <name>HP_PREMIUM_PHOTO_PAPER</name>
             <bitmap_id>301</bitmap_id>
          </DocOption>
          <DocOption>
             <name>HP_EVERYDAY_PHOTO_PAPER_SEMI_GLOSS</name>
             <bitmap_id>301</bitmap_id>
          </DocOption>
          <DocOption>
             <name>HP_PHOTO_PAPER</name>
             <bitmap_id>301</bitmap_id>
          </DocOption>          
          <DocOption>
             <name>OTHER_PHOTO_PAPER</name>
             <bitmap_id>301</bitmap_id>
          </DocOption>
          
      </DocFeature>

      <DocFeature>
          <name>PaperSize</name>
          <resource_id>4259</resource_id>
          <help_id>15481</help_id>
          <select_option>INDEX_CARD_4X6</select_option>
          
           <DocOption>
            <name>HAGAKI_CARD</name>
            <bitmap_id>306</bitmap_id>
          </DocOption>
           <DocOption>
            <name>4_X_6_IN</name>
            <bitmap_id>306</bitmap_id>
          </DocOption>
          <DocOption>
            <name>4_X_6_IN_WT</name>
            <bitmap_id>306</bitmap_id>
          </DocOption>
          <DocOption>
            <name>10_X_15</name>
            <bitmap_id>306</bitmap_id>
          </DocOption>
          <DocOption>
            <name>10_X_15_CM_WT</name>
            <bitmap_id>306</bitmap_id>
          </DocOption>
          <DocOption>
            <name>INDEX_CARD_4X6</name>
            <bitmap_id>306</bitmap_id>
          </DocOption>
          <DocOption>
            <name>HP_BORDERLESS_PHOTO_4_X_6_IN_WT</name>
            <bitmap_id>306</bitmap_id>
          </DocOption>
          <DocOption>
            <name>HP_BORDERLESS_PHOTO_10_X_15_CM_WT</name>
            <bitmap_id>306</bitmap_id>
          </DocOption>       
     </DocFeature>   
     
      <DocFeature>
          <name>Orientation</name>
          <resource_id>4261</resource_id>
          <help_id>15479</help_id>
          <select_option>LANDSCAPE_CC270</select_option>

          <DocOption>
             <name>PORTRAIT</name>
             <bitmap_id>310</bitmap_id>
          </DocOption>
          <DocOption>
             <name>LANDSCAPE_CC270</name>
             <bitmap_id>312</bitmap_id>
          </DocOption>
      </DocFeature>
    <DocFeature>
          <name>DigitalPhotography</name>
          <resource_id>4858</resource_id>
          <help_id>15478</help_id>
          <select_option>Enabled</select_option>
          <DocOption>
             <name>Enabled</name>
             <bitmap_id>327</bitmap_id>
          </DocOption>
      </DocFeature>
    </DocSetting>

  <DocSetting>
      <name>Hagaki Printing</name>
      <resource_id>4279</resource_id>            
      <bitmap_id>838</bitmap_id>

      <DocFeature>
          <name>PrintQuality</name>
          <resource_id>4257</resource_id>
          <help_id>15489</help_id>
          <select_option>Best</select_option>                     
          <DocOption>
            <name>Best</name>
            <bitmap_id>290</bitmap_id>
          </DocOption> 
          <DocOption>
            <name>4800x1200</name>
            <bitmap_id>287</bitmap_id>
          </DocOption>
      </DocFeature>
      <DocFeature>
          <name>MediaType</name>
          <resource_id>4258</resource_id>
          <help_id>15483</help_id>
          <select_option>HP_PREMIUM_PLUS_PHOTO_PAPER</select_option>
           <DocOption>
             <name>HP_PREMIUM_PLUS_PHOTO_PAPER</name>
             <bitmap_id>301</bitmap_id>
          </DocOption>           
       </DocFeature>
      <DocFeature>
          <name>PaperSize</name>
          <resource_id>4259</resource_id>
          <help_id>15481</help_id>
          
          <!-- Locale Specific paper size defaults =============== -->
          <!-- US - 1, Portugal - 351, Japan - 81  -->          
          <switch>
              <name>LocaleID</name>
              <case>
                  <name>1</name>
                  <select_option>LETTER</select_option>
              </case>
              <case>
                  <name>351</name>
                  <select_option>LETTER</select_option>
              </case>
              <case_default>
                  <select_option>HP_BORDERLESS_HAGAKI_CARD</select_option>
              </case_default>
          </switch>
        <DocOption>
            <name>HP_BORDERLESS_HAGAKI_CARD</name>
            <bitmap_id>306</bitmap_id>
        </DocOption>
        <DocOption>
            <name>HAGAKI_CARD</name>
            <bitmap_id>306</bitmap_id>
          </DocOption>   
     </DocFeature> 
      <DocFeature>
          <name>Orientation</name>
          <resource_id>4261</resource_id>
          <help_id>15479</help_id>
          <select_option>LANDSCAPE_CC270</select_option>

          <DocOption>
             <name>PORTRAIT</name>
             <bitmap_id>310</bitmap_id>
          </DocOption>
          <DocOption>
             <name>LANDSCAPE_CC270</name>
             <bitmap_id>312</bitmap_id>
          </DocOption>
      </DocFeature> 
    <DocFeature>
          <name>Duplex</name>
          <resource_id>4262</resource_id>
          <help_id>15487</help_id>
          <select_option>None</select_option>
          <DocOption>
             <name>None</name>
             <resource_id>763</resource_id>
             <bitmap_id>349</bitmap_id>
          </DocOption>
          <DocOption>
             <name>Manually</name>
             <resource_id>4267</resource_id>
             <bitmap_id>353</bitmap_id>
          </DocOption>  
              
      </DocFeature> 
    <DocFeature>
          <name>DigitalPhotography</name>
          <resource_id>4858</resource_id>
          <help_id>15478</help_id>
          <select_option>Enabled</select_option>
          <DocOption>
             <name>Enabled</name>
             <bitmap_id>327</bitmap_id>
          </DocOption>
      </DocFeature>
    </DocSetting>
   </DocUISettings>
      
      <BorderlessSettings>
         <Borderless>
               <Borderless_Paper>HP_BORDERLESS_PHOTO_4_X_6_IN_WT</Borderless_Paper>
               <Paper>4_X_6_IN_WT</Paper>
               <Overspray_Left>0.098</Overspray_Left>
               <Overspray_Right>0.118</Overspray_Right>
               <Overspray_Top>0.051</Overspray_Top>
               <Overspray_Bottom>0.102</Overspray_Bottom>
         </Borderless>
         <Borderless>
               <Borderless_Paper>HP_BORDERLESS_PHOTO_10_X_15_CM_WT</Borderless_Paper>
               <Paper>10_X_15_CM_WT</Paper>
               <Overspray_Left>0.098</Overspray_Left>
               <Overspray_Right>0.118</Overspray_Right>
               <Overspray_Top>0.051</Overspray_Top>
               <Overspray_Bottom>0.102</Overspray_Bottom>
         </Borderless>
         <Borderless>
               <Borderless_Paper>HP_BORDERLESS_HAGAKI_CARD</Borderless_Paper>
               <Paper>HAGAKI_CARD</Paper>
               <Overspray_Left>0.098</Overspray_Left>
               <Overspray_Right>0.118</Overspray_Right>
               <Overspray_Top>0.051</Overspray_Top>
               <Overspray_Bottom>0.102</Overspray_Bottom>
         </Borderless>        
         
      </BorderlessSettings>

  <JobUIEventInfo>
            <JobUIEvent>
                    <Name>JOBID_PHOTOMEDIA_BLACKCARTRIDGE</Name>
                    <EntryPoint>E_STARTPAGE</EntryPoint>
                    <FunctionPtr>pfnCheckPhotoMediaWithOnlyBlackCartridge</FunctionPtr>
            </JobUIEvent>
        </JobUIEventInfo>

   </helper>
  </component>
  </software>
</device>

